{"cameraMode":{"drawMode":0,"name":"Shaded","section":"Shading Mode"},"sceneLighting":false,"audioPlay":false,"sceneViewState":{"m_AlwaysRefresh":false,"showFog":true,"showSkybox":false,"showFlares":true,"showImageEffects":true,"showParticleSystems":true,"showVisualEffectGraphs":true,"m_FxEnabled":true},"in2DMode":false,"pivot":{"x":45.36771011352539,"y":-21.442012786865236,"z":-14.138612747192383},"rotation":{"x":0.037114936858415607,"y":0.9628148078918457,"z":-0.19348014891147614,"w":0.1847856640815735},"size":45.41025924682617,"orthographic":false}