{"cameraMode":{"drawMode":0,"name":"Shaded","section":"Shading Mode"},"sceneLighting":false,"audioPlay":false,"sceneViewState":{"m_AlwaysRefresh":false,"showFog":true,"showSkybox":false,"showFlares":true,"showImageEffects":true,"showParticleSystems":true,"showVisualEffectGraphs":true,"m_FxEnabled":true},"in2DMode":false,"pivot":{"x":-107.97904968261719,"y":-133.56011962890626,"z":142.14572143554688},"rotation":{"x":-0.2845344841480255,"y":0.41080203652381899,"z":-0.13685902953147889,"w":-0.8552067875862122},"size":127.12590026855469,"orthographic":false}