{"cameraMode":{"drawMode":0,"name":"Shaded","section":"Shading Mode"},"sceneLighting":false,"audioPlay":false,"sceneViewState":{"m_AlwaysRefresh":false,"showFog":true,"showSkybox":false,"showFlares":true,"showImageEffects":true,"showParticleSystems":true,"showVisualEffectGraphs":true,"m_FxEnabled":true},"in2DMode":false,"pivot":{"x":35.99834442138672,"y":3.989562511444092,"z":26.10750961303711},"rotation":{"x":0.11701955646276474,"y":0.01818062551319599,"z":-0.002168648410588503,"w":0.9929601550102234},"size":1.2247449159622193,"orthographic":false}