{"cameraMode":{"drawMode":0,"name":"Shaded","section":"Shading Mode"},"sceneLighting":true,"audioPlay":false,"sceneViewState":{"m_AlwaysRefresh":false,"showFog":true,"showSkybox":true,"showFlares":true,"showImageEffects":true,"showParticleSystems":true,"showVisualEffectGraphs":true,"m_FxEnabled":true},"in2DMode":false,"pivot":{"x":40.91007614135742,"y":4.097557067871094,"z":33.32170104980469},"rotation":{"x":-0.018928613513708116,"y":-0.2847553491592407,"z":0.005826021544635296,"w":-0.9581477642059326},"size":13.574346542358399,"orthographic":false}