{"cameraMode":{"drawMode":0,"name":"Shaded","section":"Shading Mode"},"sceneLighting":true,"audioPlay":false,"sceneViewState":{"m_AlwaysRefresh":false,"showFog":true,"showSkybox":true,"showFlares":true,"showImageEffects":true,"showParticleSystems":true,"showVisualEffectGraphs":true,"m_FxEnabled":true},"in2DMode":false,"pivot":{"x":33.431053161621097,"y":16.183359146118165,"z":4.011510848999023},"rotation":{"x":-0.5203825235366821,"y":0.03243095800280571,"z":-0.019979167729616166,"w":-0.8529672622680664},"size":20.207345962524415,"orthographic":false}